Source,Target,Weight,Type
Gendry,Jon Snow,6.304448802421981,Undirected
Jaime Lannister,Jon Snow,7.934871565945177,Undirected
Jaime Lannister,Margaery Tyrell,0.0,Undirected
Jaime Lannister,Sansa Stark,6.912742820493176,Undirected
Jon Snow,Margaery Tyrell,0.0,Undirected
Jon Snow,Sansa Stark,7.80994708647679,Undirected
Margaery Tyrell,Sansa Stark,0.0,Undirected
Arya Stark,Sansa Stark,9.386392315756542,Undirected
Arya Stark,Jon Snow,8.257644958208228,Undirected
Beric Dondarrion,Catelyn Stark,4.454347296253507,Undirected
Black Walder Rivers,Jaime Lannister,0.0,Undirected
Brienne of Tarth,Jaime Lannister,7.673223121121708,Undirected
Cersei Lannister,Daenerys Targaryen,8.27308133366583,Undirected
Daenerys Targaryen,Jon Snow,10.08601742096504,Undirected
Cersei Lannister,Jon Snow,8.43750042250699,Undirected
Daenerys Targaryen,Tormund Giantsbane,5.37989735354046,Undirected
Dickon Tarly,Jon Snow,0.0,Undirected
Daenerys Targaryen,Lyanna Stark,6.327936783729195,Undirected
Daenerys Targaryen,Rhaegar Targaryen,6.55250788703459,Undirected
Jon Snow,Lyanna Stark,8.199189359078067,Undirected
Jon Snow,Rhaegar Targaryen,8.308938252595778,Undirected
Lyanna Stark,Rhaegar Targaryen,9.24212969446559,Undirected
Arya Stark,Bran Stark,7.935229539816907,Undirected
Arya Stark,Petyr Baelish,6.46302945692067,Undirected
Bran Stark,Petyr Baelish,4.060443010546419,Undirected
Arya Stark,Cersei Lannister,6.3561076606958915,Undirected
Arya Stark,Little Sam,7.664346632098617,Undirected
Cersei Lannister,Little Sam,5.318119993844216,Undirected
Cersei Lannister,Sansa Stark,6.546785410760524,Undirected
Jon Snow,Little Sam,6.0867747269123065,Undirected
Little Sam,Sansa Stark,8.338305731356565,Undirected
Brienne of Tarth,Tormund Giantsbane,8.233768709217097,Undirected
Arya Stark,Robb Stark,3.970291913552122,Undirected
Jon Snow,Robb Stark,4.442651256490317,Undirected
Cersei Lannister,Tyrion Lannister,8.014004994779459,Undirected
Jon Snow,Tyrion Lannister,8.09559870137819,Undirected
Bronn,Daenerys Targaryen,1.9459101490553132,Undirected
Jon Snow,Robert Baratheon,3.713572066704308,Undirected
Theon Greyjoy,Yara Greyjoy,5.556828061699537,Undirected
Daenerys Targaryen,Tyrion Lannister,7.545918151209323,Undirected
Lyanna Stark,Robert Baratheon,5.442417710521793,Undirected
Gendry,Robert Baratheon,2.70805020110221,Undirected
Cersei Lannister,Jorah Mormont,4.356708826689592,Undirected
Cersei Lannister,Robb Stark,1.9459101490553132,Undirected
Jorah Mormont,Robb Stark,1.0986122886681098,Undirected
Jorah Mormont,Sansa Stark,1.791759469228055,Undirected
Robb Stark,Sansa Stark,3.1780538303479458,Undirected
Cersei Lannister,Jaime Lannister,9.1942109900463,Undirected
Petyr Baelish,Sansa Stark,6.899723107284872,Undirected
Joffrey Baratheon,Ramsay Bolton,4.31748811353631,Undirected
Sansa Stark,Tormund Giantsbane,3.912023005428146,Undirected
Benjen Stark,Jon Snow,3.713572066704308,Undirected
Lady Crane,Petyr Baelish,1.0986122886681098,Undirected
Lady Crane,Sansa Stark,6.408528791059498,Undirected
Randyll Tarly,Samwell Tarly,0.0,Undirected
Daenerys Targaryen,Sansa Stark,5.288267030694535,Undirected
Shae,Tyrion Lannister,2.9444389791664403,Undirected
Daenerys Targaryen,Robb Stark,1.9459101490553132,Undirected
Arya Stark,Euron Greyjoy,3.1354942159291497,Undirected
Jaime Lannister,Robb Stark,1.9459101490553132,Undirected
Catelyn Stark,Eddard Stark,0.6931471805599453,Undirected
Catelyn Stark,Sansa Stark,3.6888794541139363,Undirected
Eddard Stark,Sansa Stark,1.0986122886681098,Undirected
Margaery Tyrell,Oberyn Martell,0.6931471805599453,Undirected
Grey Worm,Lady Crane,2.70805020110221,Undirected
Grey Worm,Nymeria Sand,2.70805020110221,Undirected
Lady Crane,Nymeria Sand,2.995732273553991,Undirected
Brienne of Tarth,Cersei Lannister,6.903747257584598,Undirected
Catelyn Stark,Lady Crane,2.0794415416798357,Undirected
Jon Snow,Tormund Giantsbane,7.528869256642251,Undirected
Barristan Selmy,Lady Crane,0.0,Undirected
Barristan Selmy,Lyanna Stark,0.6931471805599453,Undirected
Barristan Selmy,Rhaegar Targaryen,0.0,Undirected
Lady Crane,Lyanna Stark,5.204006687076795,Undirected
Lady Crane,Rhaegar Targaryen,5.181783550292085,Undirected
Bran Stark,Hodor,3.1354942159291497,Undirected
Brienne of Tarth,Daenerys Targaryen,5.6131281063880705,Undirected
Brienne of Tarth,Jon Snow,6.418364935936212,Undirected
Brienne of Tarth,Jorah Mormont,2.6390573296152584,Undirected
Daenerys Targaryen,Jaime Lannister,6.99117688712121,Undirected
Daenerys Targaryen,Jorah Mormont,5.488937726156687,Undirected
Jaime Lannister,Jorah Mormont,2.6390573296152584,Undirected
Jaime Lannister,Tormund Giantsbane,5.5909869805108565,Undirected
Jon Snow,Jorah Mormont,7.098375638590786,Undirected
Jorah Mormont,Tormund Giantsbane,2.6390573296152584,Undirected
Davos Seaworth,Melisandre,1.3862943611198906,Undirected
Bran Stark,Daenerys Targaryen,6.807934943699926,Undirected
Jon Snow,Yara Greyjoy,3.4011973816621555,Undirected
Daenerys Targaryen,Khal Drogo,4.574710978503383,Undirected
Oberyn Martell,Robb Stark,1.9459101490553132,Undirected
Jon Snow,Ygritte,5.579729825986222,Undirected
Bran Stark,Lyanna Stark,7.328437352895162,Undirected
Arya Stark,Grey Worm,3.091042453358316,Undirected
Arya Stark,Lady Crane,5.648974238161206,Undirected
Arya Stark,Nymeria Sand,3.6888794541139363,Undirected
Tormund Giantsbane,Tyrion Lannister,4.110873864173311,Undirected
Jon Snow,Khal Drogo,5.4680601411351315,Undirected
Arya Stark,Talisa Maegyr,1.3862943611198906,Undirected
Cersei Lannister,Talisa Maegyr,1.3862943611198906,Undirected
Bran Stark,Rickon Stark,2.5649493574615367,Undirected
Beric Dondarrion,Cersei Lannister,1.3862943611198906,Undirected
Beric Dondarrion,Joffrey Baratheon,0.0,Undirected
Beric Dondarrion,Meryn Trant,0.0,Undirected
Beric Dondarrion,Thoros of Myr,0.0,Undirected
Beric Dondarrion,Tywin Lannister,0.0,Undirected
Beric Dondarrion,Walder Frey,0.0,Undirected
Cersei Lannister,Joffrey Baratheon,3.828641396489095,Undirected
Cersei Lannister,Meryn Trant,0.0,Undirected
Cersei Lannister,Thoros of Myr,1.0986122886681098,Undirected
Cersei Lannister,Tywin Lannister,2.995732273553991,Undirected
Cersei Lannister,Walder Frey,1.3862943611198906,Undirected
Joffrey Baratheon,Meryn Trant,0.0,Undirected
Joffrey Baratheon,Thoros of Myr,0.0,Undirected
Joffrey Baratheon,Tywin Lannister,2.6390573296152584,Undirected
Joffrey Baratheon,Walder Frey,2.302585092994046,Undirected
Meryn Trant,Thoros of Myr,0.6931471805599453,Undirected
Meryn Trant,Tywin Lannister,0.0,Undirected
Meryn Trant,Walder Frey,1.0986122886681098,Undirected
Thoros of Myr,Tywin Lannister,0.0,Undirected
Thoros of Myr,Walder Frey,0.6931471805599453,Undirected
Tywin Lannister,Walder Frey,2.1972245773362196,Undirected
Jon Snow,Ramsay Bolton,3.2188758248682006,Undirected
Brienne of Tarth,Tyrion Lannister,5.8971538676367405,Undirected
Brienne of Tarth,Ygritte,1.6094379124341003,Undirected
Tyrion Lannister,Ygritte,1.3862943611198906,Undirected
Bran Stark,Jon Snow,9.6302999262348,Undirected
Arya Stark,Jaime Lannister,6.169610732491456,Undirected
Jaime Lannister,Tyrion Lannister,6.842683282238422,Undirected
Arya Stark,Brienne of Tarth,9.809616336926057,Undirected
Arya Stark,Jorah Mormont,2.0794415416798357,Undirected
Arya Stark,Missandei,2.4849066497880004,Undirected
Arya Stark,Varys,2.6390573296152584,Undirected
Brienne of Tarth,Grey Worm,2.1972245773362196,Undirected
Brienne of Tarth,Missandei,2.3978952727983707,Undirected
Brienne of Tarth,Varys,1.0986122886681098,Undirected
Grey Worm,Jaime Lannister,1.9459101490553132,Undirected
Grey Worm,Jorah Mormont,2.302585092994046,Undirected
Grey Worm,Missandei,3.871201010907891,Undirected
Grey Worm,Varys,0.6931471805599453,Undirected
Jaime Lannister,Missandei,1.3862943611198906,Undirected
Jaime Lannister,Varys,2.1972245773362196,Undirected
Jorah Mormont,Missandei,4.127134385045092,Undirected
Jorah Mormont,Varys,0.6931471805599453,Undirected
Missandei,Varys,1.6094379124341003,Undirected
Arya Stark,Tywin Lannister,1.791759469228055,Undirected
Sansa Stark,Tywin Lannister,1.9459101490553132,Undirected
Bran Stark,Jaime Lannister,4.997212273764115,Undirected
Bran Stark,Oberyn Martell,0.0,Undirected
Bran Stark,Robb Stark,2.6390573296152584,Undirected
Jaime Lannister,Oberyn Martell,1.3862943611198906,Undirected
Gilly,Jon Snow,5.783825182329737,Undirected
Jon Snow,Oberyn Martell,1.791759469228055,Undirected
Benjen Stark,Bran Stark,2.0794415416798357,Undirected
Benjen Stark,Cersei Lannister,0.6931471805599453,Undirected
Bran Stark,Cersei Lannister,6.182084906716632,Undirected
Daenerys Targaryen,Little Sam,4.7535901911063645,Undirected
Beric Dondarrion,Jon Snow,2.5649493574615367,Undirected
Euron Greyjoy,Ramsay Bolton,4.406719247264253,Undirected
Rhaegar Targaryen,Robert Baratheon,5.752572638825633,Undirected
Brienne of Tarth,Sansa Stark,4.976733742420574,Undirected
Arya Stark,Old Nan,0.6931471805599453,Undirected
Gendry,Melisandre,1.6094379124341003,Undirected
Petyr Baelish,Theon Greyjoy,1.791759469228055,Undirected
Petyr Baelish,Tyrion Lannister,1.3862943611198906,Undirected
Theon Greyjoy,Tyrion Lannister,4.574710978503383,Undirected
Jaime Lannister,Khal Drogo,1.3862943611198906,Undirected
Khal Drogo,Robb Stark,1.6094379124341003,Undirected
Khal Drogo,Tormund Giantsbane,0.0,Undirected
Robb Stark,Tormund Giantsbane,1.3862943611198906,Undirected
Arya Stark,Daenerys Targaryen,4.812184355372417,Undirected
Aeron Greyjoy,Doran Martell,0.0,Undirected
Cersei Lannister,Robert Baratheon,3.258096538021482,Undirected
Bran Stark,Sansa Stark,7.883069351305753,Undirected
Daenerys Targaryen,Ellaria Sand,0.0,Undirected
Daenerys Targaryen,Olenna Tyrell,1.3862943611198906,Undirected
Daenerys Targaryen,Yara Greyjoy,2.70805020110221,Undirected
Ellaria Sand,Olenna Tyrell,0.6931471805599453,Undirected
Ellaria Sand,Yara Greyjoy,2.5649493574615367,Undirected
Olenna Tyrell,Yara Greyjoy,0.6931471805599453,Undirected
Tyrion Lannister,Tywin Lannister,3.1354942159291497,Undirected
Cersei Lannister,Theon Greyjoy,6.025865973825314,Undirected
Sansa Stark,Theon Greyjoy,6.2285110035911835,Undirected
Bran Stark,Little Sam,5.834810737062605,Undirected
Arya Stark,Rickon Stark,2.1972245773362196,Undirected
Bran Stark,Grey Worm,2.1972245773362196,Undirected
Bran Stark,Lady Crane,2.772588722239781,Undirected
Bran Stark,Nymeria Sand,2.0794415416798357,Undirected
Grey Worm,Rickon Stark,2.1972245773362196,Undirected
Grey Worm,Robb Stark,2.0794415416798357,Undirected
Grey Worm,Sansa Stark,2.70805020110221,Undirected
Lady Crane,Rickon Stark,2.0794415416798357,Undirected
Lady Crane,Robb Stark,2.0794415416798357,Undirected
Nymeria Sand,Rickon Stark,2.0794415416798357,Undirected
Nymeria Sand,Robb Stark,2.0794415416798357,Undirected
Nymeria Sand,Sansa Stark,2.1972245773362196,Undirected
Rickon Stark,Robb Stark,2.70805020110221,Undirected
Rickon Stark,Sansa Stark,2.1972245773362196,Undirected
Khal Drogo,Oberyn Martell,0.0,Undirected
Euron Greyjoy,Qyburn,1.6094379124341003,Undirected
Euron Greyjoy,Theon Greyjoy,5.198497031265826,Undirected
Qyburn,Theon Greyjoy,1.0986122886681098,Undirected
Cersei Lannister,Gendry,2.5649493574615367,Undirected
Lady Crane,Olenna Tyrell,4.07753744390572,Undirected
Arya Stark,Gendry,6.2766434893416445,Undirected
Hodor,Melisandre,0.0,Undirected
Arya Stark,Bronn,2.9444389791664403,Undirected
Arya Stark,Tormund Giantsbane,3.9889840465642745,Undirected
Arya Stark,Tyrion Lannister,5.0369526024136295,Undirected
Brienne of Tarth,Bronn,4.6913478822291435,Undirected
Bronn,Cersei Lannister,4.430816798843313,Undirected
Bronn,Jaime Lannister,5.44673737166631,Undirected
Bronn,Jon Snow,3.4339872044851463,Undirected
Bronn,Tormund Giantsbane,3.912023005428146,Undirected
Bronn,Tyrion Lannister,6.304448802421981,Undirected
Cersei Lannister,Tormund Giantsbane,4.127134385045092,Undirected
Hodor,Tyrion Lannister,2.302585092994046,Undirected
Benjen Stark,Thoros of Myr,1.9459101490553132,Undirected
Brienne of Tarth,Gendry,2.4849066497880004,Undirected
Brienne of Tarth,Theon Greyjoy,3.912023005428146,Undirected
Gendry,Theon Greyjoy,1.6094379124341003,Undirected
Melisandre,Thoros of Myr,0.6931471805599453,Undirected
Margaery Tyrell,Olenna Tyrell,1.3862943611198906,Undirected
Grey Worm,Jon Snow,2.995732273553991,Undirected
Jon Snow,Lady Crane,5.568344503761097,Undirected
Jon Snow,Nymeria Sand,2.833213344056216,Undirected
Jon Snow,Rickon Stark,2.772588722239781,Undirected
Brienne of Tarth,Davos Seaworth,4.882801922586371,Undirected
Brienne of Tarth,Margaery Tyrell,0.0,Undirected
Davos Seaworth,Margaery Tyrell,0.0,Undirected
Davos Seaworth,Ygritte,0.0,Undirected
Margaery Tyrell,Ygritte,1.0986122886681098,Undirected
Jon Snow,Missandei,4.624972813284271,Undirected
Daenerys Targaryen,Missandei,3.828641396489095,Undirected
Bran Stark,Rhaegar Targaryen,8.304989580140361,Undirected
Daario Naharis,Yara Greyjoy,0.0,Undirected
Gilly,Lyanna Stark,2.70805020110221,Undirected
Gilly,Rhaegar Targaryen,3.367295829986474,Undirected
Gendry,Tormund Giantsbane,3.4657359027997265,Undirected
Gendry,Tyrion Lannister,1.9459101490553132,Undirected
Gregor Clegane,Sandor Clegane,3.7612001156935624,Undirected
Bran Stark,Joffrey Baratheon,1.3862943611198906,Undirected
Black Walder Rivers,Cersei Lannister,1.9459101490553132,Undirected
Black Walder Rivers,Jon Snow,2.302585092994046,Undirected
Daario Naharis,Daenerys Targaryen,7.455298485683291,Undirected
Bronn,Davos Seaworth,2.6390573296152584,Undirected
Davos Seaworth,Jon Snow,5.645446897643238,Undirected
Davos Seaworth,Tormund Giantsbane,2.772588722239781,Undirected
Davos Seaworth,Tyrion Lannister,5.308267697401205,Undirected
Jon Snow,Olly,0.0,Undirected
Bran Stark,Euron Greyjoy,2.70805020110221,Undirected
Benjen Stark,Black Walder Rivers,0.6931471805599453,Undirected
Benjen Stark,Brother Ray,0.6931471805599453,Undirected
Black Walder Rivers,Brother Ray,0.6931471805599453,Undirected
Ramsay Bolton,Sansa Stark,3.4339872044851463,Undirected
Jaime Lannister,Olenna Tyrell,2.772588722239781,Undirected
Euron Greyjoy,Jaime Lannister,5.099866427824199,Undirected
Daenerys Targaryen,High Priestess of the Dosh Khaleen,2.3978952727983707,Undirected
Arya Stark,Walder Frey,2.0794415416798357,Undirected
Daenerys Targaryen,Ramsay Bolton,0.6931471805599453,Undirected
Ramsay Bolton,Tyrion Lannister,1.6094379124341003,Undirected
Tyrion Lannister,Varys,3.871201010907891,Undirected
Daenerys Targaryen,Davos Seaworth,4.820281565605037,Undirected
Joffrey Baratheon,Lady Crane,1.0986122886681098,Undirected
Joffrey Baratheon,Olenna Tyrell,2.0794415416798357,Undirected
Cersei Lannister,Lady Crane,2.1972245773362196,Undirected
Cersei Lannister,Olenna Tyrell,3.1780538303479458,Undirected
Euron Greyjoy,Jorah Mormont,1.791759469228055,Undirected
Euron Greyjoy,Lysa Arryn,0.0,Undirected
Euron Greyjoy,Tyrion Lannister,5.111987788356544,Undirected
Jorah Mormont,Lysa Arryn,0.0,Undirected
Jorah Mormont,Tyrion Lannister,5.0106352940962555,Undirected
Lysa Arryn,Tyrion Lannister,0.0,Undirected
Alliser Thorne,Jon Snow,0.6931471805599453,Undirected
Arya Stark,Olenna Tyrell,1.791759469228055,Undirected
Jon Snow,Olenna Tyrell,1.6094379124341003,Undirected
Nymeria Sand,Olenna Tyrell,1.0986122886681098,Undirected
Myrcella Baratheon,Sansa Stark,0.6931471805599453,Undirected
Myrcella Baratheon,Theon Greyjoy,0.0,Undirected
Myrcella Baratheon,Tommen Baratheon,3.2188758248682006,Undirected
Sansa Stark,Tommen Baratheon,0.6931471805599453,Undirected
Theon Greyjoy,Tommen Baratheon,0.0,Undirected
Olenna Tyrell,Tormund Giantsbane,0.6931471805599453,Undirected
Jaime Lannister,Little Sam,4.584967478670572,Undirected
Jaime Lannister,Lady Crane,2.3978952727983707,Undirected
Jaime Lannister,Nymeria Sand,0.0,Undirected
Cersei Lannister,Euron Greyjoy,5.808142489980444,Undirected
Jon Snow,Walder Frey,0.0,Undirected
Cersei Lannister,Qyburn,3.5553480614894135,Undirected
Jaime Lannister,Joffrey Baratheon,0.6931471805599453,Undirected
Black Walder Rivers,Kraznys mo Nakloz,0.0,Undirected
Black Walder Rivers,Maester Aemon,0.0,Undirected
Black Walder Rivers,Qhorin Halfhand,0.0,Undirected
Black Walder Rivers,Theon Greyjoy,0.0,Undirected
Jon Snow,Kraznys mo Nakloz,0.0,Undirected
Jon Snow,Maester Aemon,3.4657359027997265,Undirected
Jon Snow,Qhorin Halfhand,0.0,Undirected
Jon Snow,Theon Greyjoy,7.157735484249907,Undirected
Kraznys mo Nakloz,Maester Aemon,0.0,Undirected
Kraznys mo Nakloz,Qhorin Halfhand,0.0,Undirected
Kraznys mo Nakloz,Theon Greyjoy,0.0,Undirected
Maester Aemon,Qhorin Halfhand,0.0,Undirected
Maester Aemon,Theon Greyjoy,0.0,Undirected
Qhorin Halfhand,Theon Greyjoy,0.0,Undirected
Alliser Thorne,Brienne of Tarth,0.0,Undirected
Alliser Thorne,Bronn,0.0,Undirected
Alliser Thorne,Jaime Lannister,0.0,Undirected
Alliser Thorne,Viserys Targaryen,1.0986122886681098,Undirected
Brienne of Tarth,Viserys Targaryen,0.0,Undirected
Bronn,Viserys Targaryen,0.0,Undirected
Jaime Lannister,Viserys Targaryen,1.6094379124341003,Undirected
Jon Snow,Viserys Targaryen,2.9444389791664403,Undirected
Balon Greyjoy,Bran Stark,0.0,Undirected
Balon Greyjoy,Cersei Lannister,0.0,Undirected
Balon Greyjoy,Renly Baratheon,0.0,Undirected
Balon Greyjoy,Tyene Sand,0.0,Undirected
Bran Stark,Renly Baratheon,0.0,Undirected
Bran Stark,Tyene Sand,0.0,Undirected
Cersei Lannister,Renly Baratheon,1.0986122886681098,Undirected
Cersei Lannister,Tyene Sand,0.6931471805599453,Undirected
Renly Baratheon,Tyene Sand,0.0,Undirected
Gilly,Tormund Giantsbane,1.3862943611198906,Undirected
Jon Snow,Petyr Baelish,3.871201010907891,Undirected
Bran Stark,Gendry,5.278114659230517,Undirected
Bran Stark,Maggy the Frog,0.0,Undirected
Bran Stark,Olenna Tyrell,1.3862943611198906,Undirected
Cersei Lannister,Maggy the Frog,0.6931471805599453,Undirected
Daenerys Targaryen,Gendry,2.772588722239781,Undirected
Daenerys Targaryen,Maggy the Frog,0.0,Undirected
Gendry,Maggy the Frog,0.0,Undirected
Gendry,Olenna Tyrell,0.0,Undirected
Maggy the Frog,Olenna Tyrell,0.0,Undirected
Bronn,Dickon Tarly,1.3862943611198906,Undirected
Arya Stark,Samwell Tarly,1.9459101490553132,Undirected
Arya Stark,Meryn Trant,0.0,Undirected
Brienne of Tarth,Meryn Trant,0.0,Undirected
Daenerys Targaryen,Meryn Trant,0.0,Undirected
Jaime Lannister,Meryn Trant,0.0,Undirected
Mace Tyrell,Olenna Tyrell,0.0,Undirected
Mace Tyrell,Tywin Lannister,0.0,Undirected
Olenna Tyrell,Tywin Lannister,0.0,Undirected
Bran Stark,Meera Reed,2.1972245773362196,Undirected
Bran Stark,Stannis Baratheon,0.0,Undirected
Bran Stark,Tormund Giantsbane,3.5553480614894135,Undirected
Bran Stark,Xaro Xhoan Daxos,0.0,Undirected
Daenerys Targaryen,Meera Reed,0.0,Undirected
Daenerys Targaryen,Stannis Baratheon,1.3862943611198906,Undirected
Daenerys Targaryen,Xaro Xhoan Daxos,0.0,Undirected
Meera Reed,Stannis Baratheon,0.0,Undirected
Meera Reed,Tormund Giantsbane,0.0,Undirected
Meera Reed,Xaro Xhoan Daxos,0.0,Undirected
Stannis Baratheon,Tormund Giantsbane,0.0,Undirected
Stannis Baratheon,Xaro Xhoan Daxos,0.0,Undirected
Tormund Giantsbane,Xaro Xhoan Daxos,0.0,Undirected
Arya Stark,Hot Pie,1.9459101490553132,Undirected
Bran Stark,Hot Pie,1.0986122886681098,Undirected
Arya Stark,Jaqen H'ghar,1.791759469228055,Undirected
Arya Stark,Podrick Payne,2.3978952727983707,Undirected
Arya Stark,Syrio Forel,0.6931471805599453,Undirected
Arya Stark,Theon Greyjoy,6.025865973825314,Undirected
Arya Stark,Yara Greyjoy,2.302585092994046,Undirected
Jaqen H'ghar,Podrick Payne,0.0,Undirected
Jaqen H'ghar,Syrio Forel,2.0794415416798357,Undirected
Jaqen H'ghar,Theon Greyjoy,0.0,Undirected
Jaqen H'ghar,Tywin Lannister,0.0,Undirected
Jaqen H'ghar,Yara Greyjoy,0.0,Undirected
Podrick Payne,Syrio Forel,0.0,Undirected
Podrick Payne,Theon Greyjoy,3.1354942159291497,Undirected
Podrick Payne,Tywin Lannister,0.0,Undirected
Podrick Payne,Yara Greyjoy,1.3862943611198906,Undirected
Syrio Forel,Theon Greyjoy,0.0,Undirected
Syrio Forel,Tywin Lannister,0.0,Undirected
Syrio Forel,Yara Greyjoy,0.0,Undirected
Theon Greyjoy,Tywin Lannister,0.6931471805599453,Undirected
Tywin Lannister,Yara Greyjoy,0.0,Undirected
Brienne of Tarth,Hot Pie,0.0,Undirected
Brienne of Tarth,Podrick Payne,3.9889840465642745,Undirected
Brienne of Tarth,Thoros of Myr,1.0986122886681098,Undirected
Hot Pie,Jon Snow,2.5649493574615367,Undirected
Hot Pie,Podrick Payne,0.6931471805599453,Undirected
Hot Pie,Thoros of Myr,0.0,Undirected
Jon Snow,Podrick Payne,2.8903717578961645,Undirected
Jon Snow,Thoros of Myr,1.0986122886681098,Undirected
Podrick Payne,Thoros of Myr,0.0,Undirected
Hodor,Jon Snow,1.791759469228055,Undirected
Arya Stark,Dickon Tarly,0.0,Undirected
Arya Stark,Randyll Tarly,0.0,Undirected
Brienne of Tarth,Dickon Tarly,0.0,Undirected
Brienne of Tarth,Randyll Tarly,0.0,Undirected
Bronn,Podrick Payne,5.786897381366708,Undirected
Bronn,Randyll Tarly,0.0,Undirected
Dickon Tarly,Podrick Payne,0.0,Undirected
Dickon Tarly,Randyll Tarly,1.0986122886681098,Undirected
Dickon Tarly,Tyrion Lannister,0.0,Undirected
Podrick Payne,Randyll Tarly,0.0,Undirected
Podrick Payne,Tyrion Lannister,5.697093486505405,Undirected
Randyll Tarly,Tyrion Lannister,0.0,Undirected
Bronn,Gendry,2.1972245773362196,Undirected
Bronn,Sandor Clegane,2.5649493574615367,Undirected
Gendry,Podrick Payne,2.1972245773362196,Undirected
Gendry,Sandor Clegane,1.791759469228055,Undirected
Podrick Payne,Sandor Clegane,2.4849066497880004,Undirected
Gendry,Lyanna Stark,0.6931471805599453,Undirected
Gendry,Sansa Stark,2.995732273553991,Undirected
Lyanna Stark,Sansa Stark,3.1354942159291497,Undirected
Robert Baratheon,Sansa Stark,1.6094379124341003,Undirected
Arya Stark,Black Walder Rivers,0.6931471805599453,Undirected
Black Walder Rivers,Nymeria Sand,0.0,Undirected
Podrick Payne,Tormund Giantsbane,2.0794415416798357,Undirected
Sandor Clegane,Tormund Giantsbane,2.9444389791664403,Undirected
Bran Stark,Tyrion Lannister,5.0689042022202315,Undirected
Cersei Lannister,Nymeria Sand,1.0986122886681098,Undirected
Bronn,Ellaria Sand,0.0,Undirected
Bronn,Oberyn Martell,0.0,Undirected
Bronn,Yara Greyjoy,0.6931471805599453,Undirected
Ellaria Sand,Gendry,0.6931471805599453,Undirected
Ellaria Sand,Oberyn Martell,0.6931471805599453,Undirected
Ellaria Sand,Podrick Payne,0.0,Undirected
Ellaria Sand,Sandor Clegane,0.0,Undirected
Ellaria Sand,Tormund Giantsbane,0.6931471805599453,Undirected
Gendry,Oberyn Martell,0.6931471805599453,Undirected
Gendry,Yara Greyjoy,1.0986122886681098,Undirected
Oberyn Martell,Podrick Payne,0.0,Undirected
Oberyn Martell,Sandor Clegane,0.0,Undirected
Oberyn Martell,Tormund Giantsbane,1.0986122886681098,Undirected
Oberyn Martell,Yara Greyjoy,0.6931471805599453,Undirected
Sandor Clegane,Yara Greyjoy,0.0,Undirected
Tormund Giantsbane,Yara Greyjoy,2.0794415416798357,Undirected
Jaime Lannister,Theon Greyjoy,6.016157159698354,Undirected
Khal Drogo,Theon Greyjoy,0.0,Undirected
Brienne of Tarth,Samwell Tarly,1.6094379124341003,Undirected
Bronn,Grey Worm,1.3862943611198906,Undirected
Bronn,Samwell Tarly,1.0986122886681098,Undirected
Bronn,Sansa Stark,1.9459101490553132,Undirected
Grey Worm,Samwell Tarly,0.6931471805599453,Undirected
Samwell Tarly,Sansa Stark,1.791759469228055,Undirected
Brienne of Tarth,Rhaegar Targaryen,0.0,Undirected
Cersei Lannister,Rhaegar Targaryen,4.553876891600541,Undirected
Rhaegar Targaryen,Tyrion Lannister,4.248495242049359,Undirected
Arya Stark,Beric Dondarrion,0.6931471805599453,Undirected
Arya Stark,Gregor Clegane,1.791759469228055,Undirected
Arya Stark,Lyanna Stark,5.863631175598097,Undirected
Arya Stark,Sandor Clegane,7.478734825567875,Undirected
Beric Dondarrion,Brienne of Tarth,1.0986122886681098,Undirected
Beric Dondarrion,Gregor Clegane,0.0,Undirected
Beric Dondarrion,Jaime Lannister,1.6094379124341003,Undirected
Beric Dondarrion,Jorah Mormont,1.791759469228055,Undirected
Beric Dondarrion,Lyanna Stark,0.0,Undirected
Beric Dondarrion,Sandor Clegane,1.0986122886681098,Undirected
Brienne of Tarth,Gregor Clegane,1.3862943611198906,Undirected
Brienne of Tarth,Lyanna Stark,0.6931471805599453,Undirected
Brienne of Tarth,Sandor Clegane,7.491645473605133,Undirected
Gregor Clegane,Jaime Lannister,2.4849066497880004,Undirected
Gregor Clegane,Jorah Mormont,0.0,Undirected
Gregor Clegane,Lyanna Stark,0.0,Undirected
Jaime Lannister,Lyanna Stark,4.23410650459726,Undirected
Jaime Lannister,Sandor Clegane,2.1972245773362196,Undirected
Jorah Mormont,Lyanna Stark,1.791759469228055,Undirected
Jorah Mormont,Sandor Clegane,0.6931471805599453,Undirected
Lyanna Stark,Sandor Clegane,0.0,Undirected
Brienne of Tarth,Little Sam,1.791759469228055,Undirected
Jaime Lannister,Stannis Baratheon,0.6931471805599453,Undirected
Khal Drogo,Stannis Baratheon,0.0,Undirected
Robb Stark,Stannis Baratheon,0.0,Undirected
Jon Snow,Melisandre,2.3978952727983707,Undirected
Jon Snow,Shireen Baratheon,0.0,Undirected
Melisandre,Shireen Baratheon,0.0,Undirected
Gendry,Little Sam,0.6931471805599453,Undirected
Bran Stark,Ramsay Bolton,0.6931471805599453,Undirected
Aerys 'The Mad King' Targaryen,Jon Snow,6.295266001439646,Undirected
Aerys 'The Mad King' Targaryen,Rhaegar Targaryen,1.791759469228055,Undirected
Aerys 'The Mad King' Targaryen,Viserys Targaryen,1.0986122886681098,Undirected
Rhaegar Targaryen,Viserys Targaryen,8.131824785007195,Undirected
Sansa Stark,Varys,1.791759469228055,Undirected
Catelyn Stark,Robb Stark,4.867534450455582,Undirected
Davos Seaworth,Shireen Baratheon,0.0,Undirected
Gendry,Thoros of Myr,1.0986122886681098,Undirected
Cersei Lannister,Lyanna Stark,4.454347296253507,Undirected
Lyanna Stark,Tyrion Lannister,2.5649493574615367,Undirected
Bran Stark,Davos Seaworth,4.0943445622221,Undirected
Bran Stark,Gregor Clegane,1.3862943611198906,Undirected
Cersei Lannister,Davos Seaworth,5.187385805840755,Undirected
Cersei Lannister,Gregor Clegane,4.02535169073515,Undirected
Davos Seaworth,Gregor Clegane,0.6931471805599453,Undirected
Arya Stark,Rhaegar Targaryen,3.332204510175204,Undirected
Rhaegar Targaryen,Sansa Stark,3.367295829986474,Undirected
Lyanna Stark,Maester Aemon,0.0,Undirected
Maester Aemon,Rhaegar Targaryen,0.0,Undirected
Cersei Lannister,Ygritte,1.3862943611198906,Undirected
Sansa Stark,Ygritte,1.0986122886681098,Undirected
Brienne of Tarth,Robb Stark,0.0,Undirected
Daario Naharis,Jon Snow,7.5595594960077,Undirected
Daario Naharis,Jorah Mormont,5.19295685089021,Undirected
Gregor Clegane,Randyll Tarly,0.0,Undirected
Brienne of Tarth,Hodor,0.0,Undirected
Cersei Lannister,Hodor,2.302585092994046,Undirected
Hodor,Tormund Giantsbane,2.6390573296152584,Undirected
Little Sam,Robert Baratheon,0.0,Undirected
Bronn,Shae,0.0,Undirected
Cersei Lannister,Shae,0.6931471805599453,Undirected
Davos Seaworth,Gendry,2.1972245773362196,Undirected
Davos Seaworth,Robert Baratheon,0.0,Undirected
Joffrey Baratheon,Jon Snow,2.302585092994046,Undirected
Little Sam,Tyrion Lannister,3.1780538303479458,Undirected
Jon Snow,Sandor Clegane,2.772588722239781,Undirected
Little Sam,Lysa Arryn,1.791759469228055,Undirected
Lysa Arryn,Sansa Stark,2.1972245773362196,Undirected
Brienne of Tarth,Petyr Baelish,1.0986122886681098,Undirected
Daenerys Targaryen,Petyr Baelish,3.58351893845611,Undirected
Daario Naharis,Grey Worm,0.6931471805599453,Undirected
Daario Naharis,Khal Drogo,5.181783550292085,Undirected
Grey Worm,Khal Drogo,0.6931471805599453,Undirected
Bran Stark,Bronn,2.4849066497880004,Undirected
Daenerys Targaryen,Lady Crane,3.8066624897703196,Undirected
Lyanna Stark,Tormund Giantsbane,1.3862943611198906,Undirected
Aerys 'The Mad King' Targaryen,Cersei Lannister,1.0986122886681098,Undirected
Aerys 'The Mad King' Targaryen,Olenna Tyrell,0.0,Undirected
Brienne of Tarth,Nymeria Sand,0.6931471805599453,Undirected
Beric Dondarrion,Bran Stark,0.6931471805599453,Undirected
Beric Dondarrion,Qyburn,0.0,Undirected
Beric Dondarrion,Varys,0.0,Undirected
Bran Stark,Qyburn,0.0,Undirected
Bran Stark,Varys,4.0943445622221,Undirected
Jon Snow,Qyburn,1.791759469228055,Undirected
Jon Snow,Varys,3.2188758248682006,Undirected
Qyburn,Varys,1.3862943611198906,Undirected
Davos Seaworth,Jorah Mormont,4.290459441148391,Undirected
Gendry,Jorah Mormont,1.0986122886681098,Undirected
Euron Greyjoy,Little Sam,2.0794415416798357,Undirected
Jorah Mormont,Little Sam,1.3862943611198906,Undirected
Cersei Lannister,Ellaria Sand,1.0986122886681098,Undirected
Gilly,Samwell Tarly,5.472270673671475,Undirected
Cersei Lannister,Melisandre,1.0986122886681098,Undirected
Joffrey Baratheon,Little Sam,3.367295829986474,Undirected
Euron Greyjoy,Joffrey Baratheon,2.1972245773362196,Undirected
Melisandre,Varys,0.6931471805599453,Undirected
Catelyn Stark,Talisa Maegyr,4.812184355372417,Undirected
Robb Stark,Talisa Maegyr,4.927253685157205,Undirected
Jaime Lannister,Podrick Payne,3.2188758248682006,Undirected
Ellaria Sand,Myrcella Baratheon,0.6931471805599453,Undirected
Beric Dondarrion,Davos Seaworth,1.3862943611198906,Undirected
Beric Dondarrion,Stannis Baratheon,0.6931471805599453,Undirected
Davos Seaworth,Stannis Baratheon,1.0986122886681098,Undirected
Khal Drogo,Loras Tyrell,0.0,Undirected
Euron Greyjoy,Petyr Baelish,1.0986122886681098,Undirected
Bran Stark,Theon Greyjoy,4.6913478822291435,Undirected
Sansa Stark,Tyrion Lannister,4.948759890378168,Undirected
Daenerys Targaryen,Old Nan,1.3862943611198906,Undirected
Bran Stark,Tywin Lannister,0.0,Undirected
Davos Seaworth,Euron Greyjoy,1.3862943611198906,Undirected
Daenerys Targaryen,Edmure Tully,0.0,Undirected
Daenerys Targaryen,Rickon Stark,0.0,Undirected
Edmure Tully,Rickon Stark,0.0,Undirected
Daenerys Targaryen,Euron Greyjoy,3.332204510175204,Undirected
Euron Greyjoy,Jon Snow,8.88405606174246,Undirected
Arya Stark,Davos Seaworth,1.3862943611198906,Undirected
Davos Seaworth,Sansa Stark,1.6094379124341003,Undirected
Lyanna Stark,Nymeria Sand,0.0,Undirected
Nymeria Sand,Rhaegar Targaryen,0.0,Undirected
Melisandre,Sansa Stark,1.0986122886681098,Undirected
Cersei Lannister,Margaery Tyrell,1.0986122886681098,Undirected
Ellaria Sand,Septa Unella,0.0,Undirected
Jaqen H'ghar,Rhaegar Targaryen,0.6931471805599453,Undirected
Little Sam,Olenna Tyrell,1.0986122886681098,Undirected
Myrcella Baratheon,Trystane Martell,0.0,Undirected
Grey Worm,Little Sam,2.0794415416798357,Undirected
Grey Worm,Theon Greyjoy,2.995732273553991,Undirected
Little Sam,Theon Greyjoy,3.295836866004329,Undirected
Stannis Baratheon,Tyrion Lannister,1.0986122886681098,Undirected
Grey Worm,Tyrion Lannister,1.0986122886681098,Undirected
Missandei,Tyrion Lannister,4.23410650459726,Undirected
Brienne of Tarth,Yara Greyjoy,1.0986122886681098,Undirected
Missandei,Yara Greyjoy,0.6931471805599453,Undirected
Daenerys Targaryen,Talisa Maegyr,0.0,Undirected
Jon Snow,Talisa Maegyr,0.0,Undirected
Ramsay Bolton,Robb Stark,0.0,Undirected
Ramsay Bolton,Talisa Maegyr,0.6931471805599453,Undirected
Sansa Stark,Talisa Maegyr,0.0,Undirected
Cersei Lannister,Yara Greyjoy,3.5263605246161616,Undirected
Bronn,Jorah Mormont,2.302585092994046,Undirected
Benjen Stark,Hodor,0.6931471805599453,Undirected
Euron Greyjoy,Tormund Giantsbane,1.6094379124341003,Undirected
Euron Greyjoy,Yara Greyjoy,4.465908118654584,Undirected
Euron Greyjoy,Sansa Stark,2.70805020110221,Undirected
Little Sam,Nymeria Sand,0.0,Undirected
Little Sam,Tormund Giantsbane,2.302585092994046,Undirected
Nymeria Sand,Tormund Giantsbane,1.0986122886681098,Undirected
Brother Ray,Davos Seaworth,0.0,Undirected
Hodor,Shireen Baratheon,0.6931471805599453,Undirected
Hodor,Ygritte,0.0,Undirected
Shireen Baratheon,Ygritte,0.0,Undirected
Davos Seaworth,Missandei,4.127134385045092,Undirected
Davos Seaworth,Podrick Payne,1.3862943611198906,Undirected
Davos Seaworth,Theon Greyjoy,2.302585092994046,Undirected
Jorah Mormont,Podrick Payne,1.0986122886681098,Undirected
Jorah Mormont,Theon Greyjoy,1.9459101490553132,Undirected
Missandei,Podrick Payne,1.0986122886681098,Undirected
Missandei,Theon Greyjoy,1.6094379124341003,Undirected
Bronn,Renly Baratheon,0.0,Undirected
Jon Snow,Renly Baratheon,1.0986122886681098,Undirected
Renly Baratheon,Tyrion Lannister,0.0,Undirected
Lady Crane,Little Sam,2.6390573296152584,Undirected
Bran Stark,Yara Greyjoy,1.3862943611198906,Undirected
Aerys 'The Mad King' Targaryen,Bran Stark,0.6931471805599453,Undirected
Khal Drogo,Viserys Targaryen,2.0794415416798357,Undirected
Brienne of Tarth,Euron Greyjoy,5.501258210544727,Undirected
Brienne of Tarth,Lady Crane,3.1780538303479458,Undirected
Davos Seaworth,Lady Crane,0.6931471805599453,Undirected
Lady Crane,Tyrion Lannister,1.3862943611198906,Undirected
Jon Snow,Samwell Tarly,4.127134385045092,Undirected
Margaery Tyrell,Tormund Giantsbane,0.6931471805599453,Undirected
Margaery Tyrell,Tyene Sand,0.0,Undirected
Tormund Giantsbane,Tyene Sand,0.0,Undirected
Tormund Giantsbane,Ygritte,1.6094379124341003,Undirected
Tyene Sand,Ygritte,0.0,Undirected
Aerys 'The Mad King' Targaryen,Tyrion Lannister,0.6931471805599453,Undirected
Aerys 'The Mad King' Targaryen,Tywin Lannister,0.0,Undirected
Davos Seaworth,Jaime Lannister,4.804021044733257,Undirected
Hot Pie,Sandor Clegane,0.0,Undirected
Jaime Lannister,Petyr Baelish,2.5649493574615367,Undirected
Jaqen H'ghar,Petyr Baelish,0.0,Undirected
Beric Dondarrion,Tormund Giantsbane,6.473890696352274,Undirected
Bran Stark,Gilly,4.795790545596741,Undirected
Daenerys Targaryen,Gilly,0.6931471805599453,Undirected
Aerys 'The Mad King' Targaryen,Arya Stark,0.0,Undirected
Jeor Mormont,Jon Snow,0.6931471805599453,Undirected
Black Walder Rivers,Craster,1.0986122886681098,Undirected
Black Walder Rivers,Gilly,1.0986122886681098,Undirected
Craster,Gilly,1.3862943611198906,Undirected
Benjen Stark,Tormund Giantsbane,1.3862943611198906,Undirected
Benjen Stark,Ygritte,1.3862943611198906,Undirected
Bran Stark,Ygritte,2.0794415416798357,Undirected
Daenerys Targaryen,Varys,1.0986122886681098,Undirected
Bran Stark,Podrick Payne,1.791759469228055,Undirected
Bronn,Euron Greyjoy,3.2188758248682006,Undirected
Euron Greyjoy,Podrick Payne,2.995732273553991,Undirected
Daenerys Targaryen,Joffrey Baratheon,0.6931471805599453,Undirected
Joffrey Baratheon,Tyrion Lannister,2.833213344056216,Undirected
Davos Seaworth,Lyanna Stark,0.6931471805599453,Undirected
Howland Reed,Jon Snow,0.6931471805599453,Undirected
Howland Reed,Meera Reed,0.0,Undirected
Jon Snow,Meera Reed,1.0986122886681098,Undirected
Petyr Baelish,Ramsay Bolton,1.3862943611198906,Undirected
Benjen Stark,Daenerys Targaryen,0.0,Undirected
Bran Stark,Brienne of Tarth,2.8903717578961645,Undirected
Little Sam,Petyr Baelish,2.9444389791664403,Undirected
Bronn,Olenna Tyrell,0.6931471805599453,Undirected
Gendry,Jaime Lannister,2.1972245773362196,Undirected
Grey Worm,Tormund Giantsbane,1.9459101490553132,Undirected
Grey Worm,Yara Greyjoy,0.6931471805599453,Undirected
Jaime Lannister,Yara Greyjoy,2.833213344056216,Undirected
Jaime Lannister,Qyburn,1.9459101490553132,Undirected
Beric Dondarrion,Bronn,1.0986122886681098,Undirected
Beric Dondarrion,Theon Greyjoy,0.6931471805599453,Undirected
Bronn,Theon Greyjoy,3.6375861597263857,Undirected
Black Walder Rivers,Lady Crane,0.0,Undirected
Arya Stark,Melisandre,1.0986122886681098,Undirected
Cersei Lannister,Podrick Payne,2.3978952727983707,Undirected
Beric Dondarrion,Little Sam,0.0,Undirected
Black Walder Rivers,Daario Naharis,0.0,Undirected
Black Walder Rivers,Daenerys Targaryen,0.6931471805599453,Undirected
Cersei Lannister,Daario Naharis,1.791759469228055,Undirected
Sandor Clegane,Sansa Stark,3.1354942159291497,Undirected
Cersei Lannister,Loras Tyrell,0.6931471805599453,Undirected
Daenerys Targaryen,Loras Tyrell,0.0,Undirected
Jon Snow,Loras Tyrell,2.4849066497880004,Undirected
Black Walder Rivers,High Priestess of the Dosh Khaleen,0.0,Undirected
High Priestess of the Dosh Khaleen,Jon Snow,2.70805020110221,Undirected
Daenerys Targaryen,Ygritte,3.9512437185814275,Undirected
Arya Stark,Thoros of Myr,0.0,Undirected
Sansa Stark,Thoros of Myr,0.0,Undirected
Benjen Stark,Robert Baratheon,0.0,Undirected
Benjen Stark,Stannis Baratheon,0.0,Undirected
Robert Baratheon,Stannis Baratheon,0.0,Undirected
Robert Baratheon,Ygritte,0.0,Undirected
Stannis Baratheon,Ygritte,0.0,Undirected
Cersei Lannister,Petyr Baelish,2.5649493574615367,Undirected
Petyr Baelish,Yara Greyjoy,1.6094379124341003,Undirected
Beric Dondarrion,Euron Greyjoy,0.0,Undirected
Beric Dondarrion,Yara Greyjoy,0.0,Undirected
Jorah Mormont,Yara Greyjoy,0.6931471805599453,Undirected
Jorah Mormont,Oberyn Martell,0.0,Undirected
Joffrey Baratheon,Rickon Stark,1.3862943611198906,Undirected
Ramsay Bolton,Rickon Stark,1.6094379124341003,Undirected
Hodor,Walder Frey,0.0,Undirected
Daenerys Targaryen,Theon Greyjoy,3.4657359027997265,Undirected
Davos Seaworth,Sandor Clegane,0.6931471805599453,Undirected
Theon Greyjoy,Varys,2.772588722239781,Undirected
Gendry,Gilly,1.6094379124341003,Undirected
Euron Greyjoy,Grey Worm,2.0794415416798357,Undirected
Cersei Lannister,Hot Pie,1.791759469228055,Undirected
Hot Pie,Jaime Lannister,0.0,Undirected
Black Walder Rivers,Grey Worm,2.302585092994046,Undirected
Edmure Tully,Grey Worm,0.0,Undirected
Sandor Clegane,Tyrion Lannister,3.295836866004329,Undirected
Ros,Tyrion Lannister,0.0,Undirected
Little Sam,Varys,2.6390573296152584,Undirected
Olenna Tyrell,Podrick Payne,0.0,Undirected
Bronn,Gregor Clegane,0.0,Undirected
Euron Greyjoy,Gregor Clegane,1.6094379124341003,Undirected
Euron Greyjoy,Sandor Clegane,1.791759469228055,Undirected
Gregor Clegane,Theon Greyjoy,1.6094379124341003,Undirected
Gregor Clegane,Tyrion Lannister,2.5649493574615367,Undirected
Sandor Clegane,Theon Greyjoy,1.9459101490553132,Undirected
Bronn,Tyene Sand,0.0,Undirected
Missandei,Sansa Stark,1.0986122886681098,Undirected
Arya Stark,Catelyn Stark,3.6109179126442243,Undirected
Gregor Clegane,Jon Snow,1.3862943611198906,Undirected
Cersei Lannister,Missandei,4.07753744390572,Undirected
Ramsay Bolton,Theon Greyjoy,3.828641396489095,Undirected
Cersei Lannister,Old Nan,0.6931471805599453,Undirected
Dickon Tarly,Little Sam,0.0,Undirected
Cersei Lannister,Grey Worm,1.6094379124341003,Undirected
Daenerys Targaryen,Grey Worm,1.0986122886681098,Undirected
Jon Snow,Stannis Baratheon,1.791759469228055,Undirected
Sansa Stark,Yara Greyjoy,1.6094379124341003,Undirected
Bran Stark,Sandor Clegane,1.6094379124341003,Undirected
Cersei Lannister,Sandor Clegane,2.5649493574615367,Undirected
Qyburn,Tyrion Lannister,3.9318256327243257,Undirected
Maester Aemon,Qyburn,1.0986122886681098,Undirected
Eddard Stark,Jon Snow,3.4011973816621555,Undirected
Cersei Lannister,Tommen Baratheon,5.318119993844216,Undirected
Sandor Clegane,Tywin Lannister,0.0,Undirected
Aeron Greyjoy,Theon Greyjoy,0.0,Undirected
Myrcella Baratheon,Tyrion Lannister,2.772588722239781,Undirected
Myrcella Baratheon,Tywin Lannister,0.0,Undirected
Tommen Baratheon,Tyrion Lannister,5.135798437050262,Undirected
Tommen Baratheon,Tywin Lannister,0.6931471805599453,Undirected
Euron Greyjoy,Gendry,3.784189633918261,Undirected
Little Sam,Samwell Tarly,0.0,Undirected
Jon Snow,Septa Unella,3.4657359027997265,Undirected
Brother Ray,Cersei Lannister,0.6931471805599453,Undirected
Brother Ray,Little Sam,1.0986122886681098,Undirected
Brother Ray,Tyrion Lannister,0.0,Undirected
Cersei Lannister,Myrcella Baratheon,2.70805020110221,Undirected
Euron Greyjoy,Septa Unella,0.0,Undirected
Bran Stark,Tommen Baratheon,0.6931471805599453,Undirected
Olenna Tyrell,Tyrion Lannister,0.0,Undirected
Joffrey Baratheon,Tommen Baratheon,2.1972245773362196,Undirected
Joffrey Baratheon,Myrcella Baratheon,1.6094379124341003,Undirected
Euron Greyjoy,Rickon Stark,0.0,Undirected
Daenerys Targaryen,Shae,1.0986122886681098,Undirected
Joffrey Baratheon,Sansa Stark,3.044522437723423,Undirected
Margaery Tyrell,Tommen Baratheon,0.6931471805599453,Undirected
Daenerys Targaryen,Melisandre,0.6931471805599453,Undirected
Arya Stark,High Priestess of the Dosh Khaleen,0.0,Undirected
Gilly,Sansa Stark,3.367295829986474,Undirected
Catelyn Stark,Daenerys Targaryen,2.0794415416798357,Undirected
Little Sam,Ramsay Bolton,2.3978952727983707,Undirected
Robb Stark,Theon Greyjoy,3.044522437723423,Undirected
Oberyn Martell,Theon Greyjoy,0.0,Undirected
Theon Greyjoy,Yoren,0.0,Undirected
Hodor,Rickon Stark,0.0,Undirected
Hodor,Theon Greyjoy,0.6931471805599453,Undirected
Rickon Stark,Theon Greyjoy,0.6931471805599453,Undirected
Ellaria Sand,Theon Greyjoy,1.0986122886681098,Undirected
Old Nan,Theon Greyjoy,0.0,Undirected
Petyr Baelish,Varys,1.0986122886681098,Undirected
Cersei Lannister,Grand Maester Pycelle,1.0986122886681098,Undirected
Grand Maester Pycelle,Jaime Lannister,0.6931471805599453,Undirected
Cersei Lannister,High Priestess of the Dosh Khaleen,1.6094379124341003,Undirected
Bran Stark,Samwell Tarly,6.516193076042964,Undirected
Cersei Lannister,Ramsay Bolton,2.5649493574615367,Undirected
Cersei Lannister,Oberyn Martell,0.0,Undirected
Bran Stark,Howland Reed,0.0,Undirected
Aerys 'The Mad King' Targaryen,Jaime Lannister,1.0986122886681098,Undirected
Bran Stark,High Priestess of the Dosh Khaleen,2.1972245773362196,Undirected
Bran Stark,Robert Baratheon,4.499809670330265,Undirected
Lyanna Stark,Viserys Targaryen,4.02535169073515,Undirected
Jon Snow,Tommen Baratheon,1.0986122886681098,Undirected
Black Walder Rivers,Tormund Giantsbane,0.6931471805599453,Undirected
Khal Drogo,Ygritte,1.0986122886681098,Undirected
Beric Dondarrion,Petyr Baelish,0.0,Undirected
Petyr Baelish,Tormund Giantsbane,0.0,Undirected
Catelyn Stark,Jon Snow,3.044522437723423,Undirected
Catelyn Stark,Theon Greyjoy,0.0,Undirected
Arya Stark,Gilly,3.4657359027997265,Undirected
Hodor,Robb Stark,0.0,Undirected
Daenerys Targaryen,Robert Baratheon,1.3862943611198906,Undirected
Daenerys Targaryen,Viserys Targaryen,3.4657359027997265,Undirected
Robert Baratheon,Viserys Targaryen,0.6931471805599453,Undirected
Meera Reed,Samwell Tarly,0.6931471805599453,Undirected
Brother Ray,Jon Snow,1.0986122886681098,Undirected
Beric Dondarrion,Gendry,2.1972245773362196,Undirected
Catelyn Stark,Petyr Baelish,1.6094379124341003,Undirected
Benjen Stark,Brienne of Tarth,0.0,Undirected
Robert Baratheon,Tyrion Lannister,0.6931471805599453,Undirected
Oberyn Martell,Tywin Lannister,0.0,Undirected
Robb Stark,Tywin Lannister,1.0986122886681098,Undirected
Jon Snow,Lysa Arryn,2.1972245773362196,Undirected
Jaime Lannister,Rhaegar Targaryen,4.31748811353631,Undirected
Daenerys Targaryen,Hodor,0.6931471805599453,Undirected
Hodor,Sansa Stark,0.6931471805599453,Undirected
Lyanna Stark,Theon Greyjoy,0.6931471805599453,Undirected
Lyanna Stark,Yara Greyjoy,1.0986122886681098,Undirected
Aerys 'The Mad King' Targaryen,Daenerys Targaryen,0.6931471805599453,Undirected
Bran Stark,Jorah Mormont,4.07753744390572,Undirected
Bran Stark,Missandei,4.02535169073515,Undirected
Gendry,Nymeria Sand,0.0,Undirected
Brienne of Tarth,Tywin Lannister,0.0,Undirected
Bronn,Tywin Lannister,0.0,Undirected
Euron Greyjoy,Tywin Lannister,0.0,Undirected
Jaime Lannister,Tywin Lannister,0.6931471805599453,Undirected
Jon Snow,Tywin Lannister,1.3862943611198906,Undirected
Cersei Lannister,Varys,1.791759469228055,Undirected
Little Sam,Lyanna Stark,4.204692619390966,Undirected
Little Sam,Rhaegar Targaryen,4.382026634673881,Undirected
Theon Greyjoy,Tormund Giantsbane,2.6390573296152584,Undirected
Ellaria Sand,Tyene Sand,0.0,Undirected
Rhaegar Targaryen,Samwell Tarly,1.791759469228055,Undirected
Lyanna Stark,Ygritte,1.791759469228055,Undirected
Little Sam,Walder Frey,1.791759469228055,Undirected
Arya Stark,Viserys Targaryen,0.6931471805599453,Undirected
Joffrey Baratheon,Petyr Baelish,1.0986122886681098,Undirected
Ellaria Sand,Jon Snow,0.6931471805599453,Undirected
Beric Dondarrion,Old Nan,0.0,Undirected
Old Nan,Tormund Giantsbane,0.6931471805599453,Undirected
Brienne of Tarth,Qyburn,1.0986122886681098,Undirected
Bronn,Qyburn,0.6931471805599453,Undirected
Bronn,Varys,1.6094379124341003,Undirected
Euron Greyjoy,Varys,1.3862943611198906,Undirected
Podrick Payne,Qyburn,0.6931471805599453,Undirected
Podrick Payne,Varys,1.0986122886681098,Undirected
Tyrion Lannister,Yara Greyjoy,1.0986122886681098,Undirected
Cersei Lannister,Stannis Baratheon,1.791759469228055,Undirected
Hot Pie,Little Sam,0.6931471805599453,Undirected
Jaime Lannister,Robert Baratheon,1.6094379124341003,Undirected
Arya Stark,Lysa Arryn,1.0986122886681098,Undirected
Catelyn Stark,Lysa Arryn,1.0986122886681098,Undirected
Ellaria Sand,Rhaegar Targaryen,1.791759469228055,Undirected
Myrcella Baratheon,Rhaegar Targaryen,0.0,Undirected
Aerys 'The Mad King' Targaryen,Lyanna Stark,3.1354942159291497,Undirected
Aerys 'The Mad King' Targaryen,Robert Baratheon,2.995732273553991,Undirected
Bran Stark,Viserys Targaryen,3.091042453358316,Undirected
Davos Seaworth,Rhaegar Targaryen,0.0,Undirected
Brienne of Tarth,Lysa Arryn,0.0,Undirected
Cersei Lannister,Lysa Arryn,0.6931471805599453,Undirected
Jaime Lannister,Lysa Arryn,0.6931471805599453,Undirected
Gilly,High Priestess of the Dosh Khaleen,1.0986122886681098,Undirected
Alliser Thorne,Black Walder Rivers,0.0,Undirected
Howland Reed,Maester Aemon,0.0,Undirected
Bran Stark,Doran Martell,0.0,Undirected
Jon Snow,Mirri Maz Duur,2.0794415416798357,Undirected
Grand Maester Pycelle,Maester Aemon,0.0,Undirected
Grand Maester Pycelle,Samwell Tarly,0.0,Undirected
Maester Aemon,Samwell Tarly,0.0,Undirected
Daenerys Targaryen,Samwell Tarly,2.1972245773362196,Undirected
Black Walder Rivers,Bronn,0.0,Undirected
Jorah Mormont,Khal Drogo,5.14166355650266,Undirected
Daario Naharis,Tyrion Lannister,1.3862943611198906,Undirected
Gendry,Old Nan,0.6931471805599453,Undirected
Eddard Stark,Oberyn Martell,1.0986122886681098,Undirected
Jaime Lannister,Samwell Tarly,2.302585092994046,Undirected
Rhaegar Targaryen,Theon Greyjoy,0.6931471805599453,Undirected
Samwell Tarly,Theon Greyjoy,1.0986122886681098,Undirected
Samwell Tarly,Tyrion Lannister,2.3978952727983707,Undirected
Gilly,Shireen Baratheon,2.302585092994046,Undirected
Maester Aemon,Sansa Stark,0.0,Undirected
Daario Naharis,Euron Greyjoy,0.6931471805599453,Undirected
Daario Naharis,Gendry,0.6931471805599453,Undirected
Daario Naharis,Sansa Stark,0.6931471805599453,Undirected
Brother Ray,Hot Pie,0.6931471805599453,Undirected
Brienne of Tarth,Jaqen H'ghar,1.9459101490553132,Undirected
Brienne of Tarth,Syrio Forel,1.791759469228055,Undirected
Bran Stark,Eddard Stark,0.6931471805599453,Undirected
Brynden Tully,Edmure Tully,0.0,Undirected
Cersei Lannister,Viserys Targaryen,2.70805020110221,Undirected
Ros,Syrio Forel,0.0,Undirected
Daenerys Targaryen,Eddard Stark,0.0,Undirected
Arya Stark,Robert Baratheon,1.0986122886681098,Undirected
Beric Dondarrion,Tyrion Lannister,1.0986122886681098,Undirected
Daenerys Targaryen,Podrick Payne,0.6931471805599453,Undirected
Gendry,Varys,0.0,Undirected
Robin Arryn,Sansa Stark,0.6931471805599453,Undirected
Bronn,Little Sam,1.791759469228055,Undirected
Gilly,Jaime Lannister,1.3862943611198906,Undirected
Olenna Tyrell,Sansa Stark,1.0986122886681098,Undirected
Jaqen H'ghar,Sansa Stark,0.0,Undirected
Arya Stark,Oberyn Martell,0.0,Undirected
Anya Waynwood,Sansa Stark,0.0,Undirected
Gilly,Varys,0.0,Undirected
Benjen Stark,Little Sam,0.6931471805599453,Undirected
Benjen Stark,Olenna Tyrell,1.6094379124341003,Undirected
Benjen Stark,Sansa Stark,1.3862943611198906,Undirected
Gregor Clegane,Qyburn,1.791759469228055,Undirected
Benjen Stark,Lady Crane,1.0986122886681098,Undirected
Podrick Payne,Robert Baratheon,1.0986122886681098,Undirected
Eddard Stark,Lyanna Stark,2.0794415416798357,Undirected
Daenerys Targaryen,Maester Aemon,0.0,Undirected
Khal Drogo,Tyrion Lannister,1.0986122886681098,Undirected
Arya Stark,Joffrey Baratheon,2.302585092994046,Undirected
Bran Stark,Robin Arryn,1.9459101490553132,Undirected
Arya Stark,Ygritte,0.6931471805599453,Undirected
Gendry,Ygritte,0.0,Undirected
Rhaegar Targaryen,Yara Greyjoy,1.3862943611198906,Undirected
Viserys Targaryen,Yara Greyjoy,0.0,Undirected
Dickon Tarly,Theon Greyjoy,0.0,Undirected
Davos Seaworth,Old Nan,0.0,Undirected
Jorah Mormont,Old Nan,0.0,Undirected
Old Nan,Tyrion Lannister,0.0,Undirected
Jorah Mormont,Mirri Maz Duur,1.0986122886681098,Undirected
Mirri Maz Duur,Tyrion Lannister,1.3862943611198906,Undirected
Arya Stark,Hodor,1.0986122886681098,Undirected
Daenerys Targaryen,Margaery Tyrell,1.0986122886681098,Undirected
High Priestess of the Dosh Khaleen,Tommen Baratheon,0.0,Undirected
Daenerys Targaryen,Hot Pie,1.0986122886681098,Undirected
Arya Stark,Benjen Stark,1.0986122886681098,Undirected
Daenerys Targaryen,Grand Maester Pycelle,0.0,Undirected
Brienne of Tarth,Renly Baratheon,0.0,Undirected
Jaime Lannister,Renly Baratheon,0.0,Undirected
Lady Crane,Renly Baratheon,0.0,Undirected
Lady Crane,Tormund Giantsbane,0.0,Undirected
Renly Baratheon,Tormund Giantsbane,0.0,Undirected
Joffrey Baratheon,Viserys Targaryen,1.791759469228055,Undirected
Ramsay Bolton,Tywin Lannister,1.0986122886681098,Undirected
Ramsay Bolton,Viserys Targaryen,1.0986122886681098,Undirected
Tywin Lannister,Viserys Targaryen,1.3862943611198906,Undirected
Jon Snow,Old Nan,1.3862943611198906,Undirected
Eddard Stark,Little Sam,0.0,Undirected
Sansa Stark,Walder Frey,0.0,Undirected
Hodor,Myrcella Baratheon,0.0,Undirected
Myrcella Baratheon,Shireen Baratheon,0.0,Undirected
Dim Dalba,Jaime Lannister,0.0,Undirected
Gilly,Tyrion Lannister,0.6931471805599453,Undirected
Robert Baratheon,Tormund Giantsbane,2.302585092994046,Undirected
Meera Reed,Sansa Stark,0.0,Undirected
Hot Pie,Sansa Stark,1.3862943611198906,Undirected
Joffrey Baratheon,Stannis Baratheon,0.6931471805599453,Undirected
Harrag,Theon Greyjoy,1.791759469228055,Undirected
Hodor,Robert Baratheon,2.3978952727983707,Undirected
Benjen Stark,Davos Seaworth,0.0,Undirected
Benjen Stark,Mance Rayder,0.0,Undirected
Davos Seaworth,Mance Rayder,0.0,Undirected
Jon Snow,Mance Rayder,0.0,Undirected
Hot Pie,Qyburn,0.0,Undirected
Bran Stark,Old Nan,1.6094379124341003,Undirected
Cersei Lannister,Craster,1.0986122886681098,Undirected
Craster,Jon Snow,0.0,Undirected
Little Sam,Tommen Baratheon,0.0,Undirected
Benjen Stark,Dickon Tarly,0.0,Undirected
Benjen Stark,Nymeria Sand,0.0,Undirected
Benjen Stark,Obara Sand,0.0,Undirected
Benjen Stark,Randyll Tarly,0.0,Undirected
Benjen Stark,Tyene Sand,0.0,Undirected
Dickon Tarly,Lady Crane,0.0,Undirected
Dickon Tarly,Nymeria Sand,0.0,Undirected
Dickon Tarly,Obara Sand,0.0,Undirected
Dickon Tarly,Olenna Tyrell,0.6931471805599453,Undirected
Dickon Tarly,Thoros of Myr,0.6931471805599453,Undirected
Dickon Tarly,Tyene Sand,0.0,Undirected
Lady Crane,Obara Sand,0.0,Undirected
Lady Crane,Randyll Tarly,0.0,Undirected
Lady Crane,Thoros of Myr,1.0986122886681098,Undirected
Lady Crane,Tyene Sand,0.0,Undirected
Nymeria Sand,Obara Sand,0.0,Undirected
Nymeria Sand,Randyll Tarly,0.0,Undirected
Nymeria Sand,Thoros of Myr,0.0,Undirected
Nymeria Sand,Tyene Sand,0.0,Undirected
Obara Sand,Olenna Tyrell,0.0,Undirected
Obara Sand,Randyll Tarly,0.0,Undirected
Obara Sand,Thoros of Myr,0.0,Undirected
Obara Sand,Tyene Sand,0.0,Undirected
Olenna Tyrell,Randyll Tarly,0.6931471805599453,Undirected
Olenna Tyrell,Thoros of Myr,0.6931471805599453,Undirected
Olenna Tyrell,Tyene Sand,0.0,Undirected
Randyll Tarly,Thoros of Myr,0.6931471805599453,Undirected
Randyll Tarly,Tyene Sand,0.0,Undirected
Thoros of Myr,Tyene Sand,0.0,Undirected
Brienne of Tarth,High Priestess of the Dosh Khaleen,0.0,Undirected
Bronn,High Priestess of the Dosh Khaleen,0.0,Undirected
Bronn,Lady Crane,0.6931471805599453,Undirected
High Priestess of the Dosh Khaleen,Jaime Lannister,0.6931471805599453,Undirected
High Priestess of the Dosh Khaleen,Lady Crane,0.0,Undirected
High Priestess of the Dosh Khaleen,Tyrion Lannister,1.6094379124341003,Undirected
Petyr Baelish,Tywin Lannister,0.0,Undirected
Daario Naharis,Ygritte,1.0986122886681098,Undirected
Jon Snow,Pypar,0.0,Undirected
Pypar,Samwell Tarly,0.0,Undirected
Robert Baratheon,Tywin Lannister,0.0,Undirected
Joffrey Baratheon,Varys,1.0986122886681098,Undirected
Little Sam,Tywin Lannister,1.3862943611198906,Undirected
Tywin Lannister,Varys,1.6094379124341003,Undirected
Varys,Walder Frey,1.0986122886681098,Undirected
Lady Crane,Podrick Payne,0.0,Undirected
Brother Ray,Lancel Lannister,0.0,Undirected
Jaime Lannister,Thoros of Myr,0.6931471805599453,Undirected
Ramsay Bolton,Walder Frey,1.0986122886681098,Undirected
Brienne of Tarth,Catelyn Stark,1.0986122886681098,Undirected
Eddard Stark,Robert Baratheon,0.0,Undirected
Lysa Arryn,Walder Frey,0.6931471805599453,Undirected
Shae,Tywin Lannister,1.0986122886681098,Undirected
Benjen Stark,Theon Greyjoy,0.0,Undirected
Lyanna Stark,Samwell Tarly,1.791759469228055,Undirected
Robert Baratheon,Theon Greyjoy,0.0,Undirected
Black Walder Rivers,Sansa Stark,0.6931471805599453,Undirected
Eddison Tollett,Jon Snow,0.0,Undirected
Eddison Tollett,Tormund Giantsbane,0.0,Undirected
Joffrey Baratheon,Theon Greyjoy,0.0,Undirected
Gilly,Old Nan,0.0,Undirected
Arthur Dayne,Rhaegar Targaryen,6.698268054115413,Undirected
Black Walder Rivers,Bran Stark,0.6931471805599453,Undirected
Lysa Arryn,Petyr Baelish,0.6931471805599453,Undirected
Joffrey Baratheon,Olly,0.6931471805599453,Undirected
Daenerys Targaryen,Renly Baratheon,0.0,Undirected
Daenerys Targaryen,Tommen Baratheon,0.0,Undirected
Gendry,Joffrey Baratheon,0.0,Undirected
Gendry,Renly Baratheon,0.0,Undirected
Gendry,Stannis Baratheon,1.0986122886681098,Undirected
Gendry,Tommen Baratheon,0.0,Undirected
Gendry,Viserys Targaryen,0.0,Undirected
Joffrey Baratheon,Renly Baratheon,0.0,Undirected
Renly Baratheon,Stannis Baratheon,0.0,Undirected
Renly Baratheon,Tommen Baratheon,0.0,Undirected
Renly Baratheon,Viserys Targaryen,0.0,Undirected
Stannis Baratheon,Tommen Baratheon,0.0,Undirected
Stannis Baratheon,Viserys Targaryen,0.6931471805599453,Undirected
Tommen Baratheon,Viserys Targaryen,0.0,Undirected
Cersei Lannister,Samwell Tarly,0.6931471805599453,Undirected
Euron Greyjoy,Melisandre,0.0,Undirected
Arya Stark,Ramsay Bolton,1.3862943611198906,Undirected
Alliser Thorne,Lancel Lannister,0.0,Undirected
Alliser Thorne,Stannis Baratheon,0.6931471805599453,Undirected
Alliser Thorne,Tywin Lannister,0.0,Undirected
Alliser Thorne,Walder Frey,1.3862943611198906,Undirected
Lancel Lannister,Stannis Baratheon,0.0,Undirected
Lancel Lannister,Tywin Lannister,0.0,Undirected
Lancel Lannister,Walder Frey,0.0,Undirected
Stannis Baratheon,Tywin Lannister,0.6931471805599453,Undirected
Stannis Baratheon,Walder Frey,0.6931471805599453,Undirected
Oberyn Martell,Robert Baratheon,2.6390573296152584,Undirected
Janos Slynt,Walder Frey,0.6931471805599453,Undirected
Viserys Targaryen,Walder Frey,1.3862943611198906,Undirected
Arya Stark,Daario Naharis,0.0,Undirected
Arya Stark,Khal Drogo,0.0,Undirected
Brienne of Tarth,Daario Naharis,0.0,Undirected
Brienne of Tarth,Khal Drogo,0.0,Undirected
Daario Naharis,Sandor Clegane,0.0,Undirected
Daenerys Targaryen,Sandor Clegane,0.6931471805599453,Undirected
Khal Drogo,Sandor Clegane,0.0,Undirected
Khal Drogo,Sansa Stark,0.0,Undirected
Sandor Clegane,Ygritte,0.0,Undirected
Ellaria Sand,Euron Greyjoy,0.0,Undirected
Ellaria Sand,Missandei,0.6931471805599453,Undirected
Euron Greyjoy,Missandei,0.6931471805599453,Undirected
Mance Rayder,Tormund Giantsbane,0.0,Undirected
Catelyn Stark,Cersei Lannister,0.6931471805599453,Undirected
Catelyn Stark,Joffrey Baratheon,0.6931471805599453,Undirected
Bran Stark,Brother Ray,0.0,Undirected
Euron Greyjoy,Nymeria Sand,0.0,Undirected
Joffrey Baratheon,Nymeria Sand,0.0,Undirected
Nymeria Sand,Ramsay Bolton,0.0,Undirected
Little Sam,Podrick Payne,0.0,Undirected
Edmure Tully,Randyll Tarly,0.0,Undirected
Edmure Tully,Tywin Lannister,0.0,Undirected
Randyll Tarly,Tywin Lannister,0.0,Undirected
Arya Stark,Grand Maester Pycelle,0.0,Undirected
Lommy Greenhands,Walder Frey,0.0,Undirected
Davos Seaworth,Samwell Tarly,0.0,Undirected
Old Nan,Sansa Stark,1.0986122886681098,Undirected
Eddard Stark,Rhaegar Targaryen,0.6931471805599453,Undirected
Bronn,Robert Baratheon,0.0,Undirected
Bran Stark,Ellaria Sand,0.0,Undirected
Bronn,Hot Pie,0.0,Undirected
Hot Pie,Tormund Giantsbane,0.0,Undirected
Hot Pie,Tyrion Lannister,0.0,Undirected
Podrick Payne,Sansa Stark,1.0986122886681098,Undirected
Khal Drogo,Rhaegar Targaryen,0.0,Undirected
Arya Stark,Edmure Tully,0.6931471805599453,Undirected
Bran Stark,Edmure Tully,0.0,Undirected
Bran Stark,Lysa Arryn,0.6931471805599453,Undirected
Edmure Tully,Lysa Arryn,0.6931471805599453,Undirected
Edmure Tully,Sansa Stark,0.0,Undirected
Lyanna Stark,Robb Stark,0.6931471805599453,Undirected
Lyanna Stark,Talisa Maegyr,0.6931471805599453,Undirected
Rhaegar Targaryen,Robb Stark,1.0986122886681098,Undirected
Rhaegar Targaryen,Talisa Maegyr,0.6931471805599453,Undirected
Gregor Clegane,Tormund Giantsbane,0.0,Undirected
Aeron Greyjoy,Jon Snow,1.3862943611198906,Undirected
Aeron Greyjoy,Jorah Mormont,0.0,Undirected
Bronn,Robb Stark,0.0,Undirected
Brother Ray,Lyanna Stark,0.0,Undirected
Missandei,Samwell Tarly,0.0,Undirected
Jaqen H'ghar,Nymeria Sand,0.0,Undirected
Jaqen H'ghar,Tormund Giantsbane,0.0,Undirected
Cersei Lannister,Ilyn Payne,0.6931471805599453,Undirected
Jorah Mormont,Rhaegar Targaryen,1.3862943611198906,Undirected
Daenerys Targaryen,Nymeria Sand,1.0986122886681098,Undirected
Black Walder Rivers,Tyrion Lannister,0.6931471805599453,Undirected
Barristan Selmy,Mance Rayder,0.6931471805599453,Undirected
Barristan Selmy,Shireen Baratheon,0.6931471805599453,Undirected
Barristan Selmy,Stannis Baratheon,0.6931471805599453,Undirected
Mance Rayder,Shireen Baratheon,0.6931471805599453,Undirected
Mance Rayder,Stannis Baratheon,0.6931471805599453,Undirected
Shireen Baratheon,Stannis Baratheon,1.0986122886681098,Undirected
Bronn,Missandei,0.0,Undirected
Davos Seaworth,Qyburn,0.6931471805599453,Undirected
Davos Seaworth,Varys,0.6931471805599453,Undirected
Jorah Mormont,Qyburn,0.0,Undirected
Missandei,Qyburn,0.0,Undirected
Margaery Tyrell,Ramsay Bolton,0.0,Undirected
Margaery Tyrell,Talisa Maegyr,0.0,Undirected
Jaime Lannister,Ygritte,0.0,Undirected
Robb Stark,Roose Bolton,0.6931471805599453,Undirected
Robb Stark,Walder Frey,1.0986122886681098,Undirected
Roose Bolton,Tywin Lannister,1.3862943611198906,Undirected
Roose Bolton,Walder Frey,1.3862943611198906,Undirected
Lyanna Stark,Qyburn,0.0,Undirected
Daenerys Targaryen,Jaqen H'ghar,0.6931471805599453,Undirected
Jaqen H'ghar,Jon Snow,0.6931471805599453,Undirected
Podrick Payne,Ros,0.0,Undirected
Ros,Varys,0.0,Undirected
Gilly,Maester Aemon,1.3862943611198906,Undirected
Gendry,Rhaegar Targaryen,0.0,Undirected
Gilly,Grand Maester Pycelle,2.9444389791664403,Undirected
Lady Crane,Yara Greyjoy,0.0,Undirected
Davos Seaworth,Little Sam,0.0,Undirected
Petyr Baelish,Viserys Targaryen,0.0,Undirected
Osha,Rhaegar Targaryen,0.6931471805599453,Undirected
Osha,Yara Greyjoy,0.6931471805599453,Undirected
Gregor Clegane,Podrick Payne,0.0,Undirected
Bran Stark,Melisandre,0.0,Undirected
Gilly,Melisandre,0.0,Undirected
Joffrey Baratheon,Oberyn Martell,0.0,Undirected
Myrcella Baratheon,Oberyn Martell,0.0,Undirected
Doreah,Lyanna Stark,0.0,Undirected
Doreah,Viserys Targaryen,0.0,Undirected
Bronn,Petyr Baelish,0.0,Undirected
Petyr Baelish,Sandor Clegane,0.0,Undirected
Cersei Lannister,Gilly,1.3862943611198906,Undirected
Rhaegar Targaryen,Tywin Lannister,0.0,Undirected
Samwell Tarly,Varys,4.02535169073515,Undirected
Bronn,Lyanna Stark,0.6931471805599453,Undirected
Bronn,Rhaegar Targaryen,0.0,Undirected
Black Walder Rivers,Gendry,0.6931471805599453,Undirected
Alliser Thorne,Olly,0.0,Undirected
Olly,Stannis Baratheon,0.0,Undirected
Olly,Viserys Targaryen,0.0,Undirected
Olly,Walder Frey,0.6931471805599453,Undirected
Oberyn Martell,Ygritte,0.0,Undirected
Daario Naharis,Oberyn Martell,0.0,Undirected
Mance Rayder,Meryn Trant,0.0,Undirected
Mance Rayder,Thoros of Myr,0.0,Undirected
Mance Rayder,Walder Frey,0.0,Undirected
Petyr Baelish,Robb Stark,0.0,Undirected
Samwell Tarly,Tormund Giantsbane,0.6931471805599453,Undirected
Mirri Maz Duur,Tormund Giantsbane,0.0,Undirected
Bran Stark,Catelyn Stark,1.0986122886681098,Undirected
Euron Greyjoy,Oberyn Martell,0.0,Undirected
Euron Greyjoy,Robb Stark,0.0,Undirected
Joffrey Baratheon,Jorah Mormont,0.0,Undirected
Alliser Thorne,Craster,0.0,Undirected
Alliser Thorne,Janos Slynt,0.0,Undirected
Alliser Thorne,Karl Tanner,0.0,Undirected
Alliser Thorne,Meryn Trant,0.0,Undirected
Alliser Thorne,Mirri Maz Duur,0.0,Undirected
Craster,Janos Slynt,0.0,Undirected
Craster,Karl Tanner,0.0,Undirected
Craster,Meryn Trant,0.0,Undirected
Craster,Mirri Maz Duur,0.0,Undirected
Craster,Walder Frey,0.0,Undirected
Janos Slynt,Karl Tanner,0.0,Undirected
Janos Slynt,Meryn Trant,0.0,Undirected
Janos Slynt,Mirri Maz Duur,0.0,Undirected
Karl Tanner,Meryn Trant,0.0,Undirected
Karl Tanner,Mirri Maz Duur,0.0,Undirected
Karl Tanner,Walder Frey,0.0,Undirected
Meryn Trant,Mirri Maz Duur,0.0,Undirected
Mirri Maz Duur,Walder Frey,0.0,Undirected
Cersei Lannister,Tycho Nestoris,0.0,Undirected
Jaime Lannister,Maggy the Frog,0.0,Undirected
Missandei,Nymeria Sand,0.0,Undirected
Brother Ray,Jaime Lannister,1.0986122886681098,Undirected
Missandei,Xaro Xhoan Daxos,0.0,Undirected
Daenerys Targaryen,Lysa Arryn,0.0,Undirected
Brother Ray,Rhaegar Targaryen,0.6931471805599453,Undirected
Daenerys Targaryen,Tywin Lannister,0.6931471805599453,Undirected
Sansa Stark,Shae,0.6931471805599453,Undirected
Khal Drogo,Margaery Tyrell,2.70805020110221,Undirected
Catelyn Stark,Lyanna Stark,3.6888794541139363,Undirected
Catelyn Stark,Robert Baratheon,3.6888794541139363,Undirected
Gendry,Robin Arryn,1.0986122886681098,Undirected
Missandei,Rhaegar Targaryen,1.0986122886681098,Undirected
Hot Pie,Tommen Baratheon,0.0,Undirected
Lysa Arryn,Robin Arryn,0.0,Undirected
Brother Ray,Daenerys Targaryen,0.0,Undirected
Brother Ray,Viserys Targaryen,0.0,Undirected
Rhaegar Targaryen,Ros,0.0,Undirected
Jorah Mormont,Ygritte,0.0,Undirected
Daario Naharis,Jaime Lannister,0.0,Undirected
Daario Naharis,Missandei,0.0,Undirected
Edmure Tully,Jaime Lannister,0.0,Undirected
Daenerys Targaryen,Doreah,0.0,Undirected
Eddard Stark,Tormund Giantsbane,0.0,Undirected
Catelyn Stark,Jaime Lannister,0.0,Undirected
Catelyn Stark,Tyrion Lannister,0.0,Undirected
Lysa Arryn,Tywin Lannister,0.0,Undirected
Daario Naharis,Tormund Giantsbane,0.6931471805599453,Undirected
Lancel Lannister,Rhaegar Targaryen,0.0,Undirected
Arya Stark,Eddard Stark,0.0,Undirected
Eddard Stark,Renly Baratheon,0.6931471805599453,Undirected
Eddard Stark,Rickon Stark,0.6931471805599453,Undirected
Eddard Stark,Ygritte,0.6931471805599453,Undirected
Renly Baratheon,Rickon Stark,0.6931471805599453,Undirected
Renly Baratheon,Ygritte,0.6931471805599453,Undirected
Rickon Stark,Ygritte,0.6931471805599453,Undirected
Balon Greyjoy,Euron Greyjoy,0.0,Undirected
Doran Martell,Oberyn Martell,0.0,Undirected
Doran Martell,Trystane Martell,0.0,Undirected
Oberyn Martell,Trystane Martell,0.0,Undirected
Roose Bolton,Viserys Targaryen,0.0,Undirected
Catelyn Stark,Olly,0.0,Undirected
Cersei Lannister,Olly,0.0,Undirected
Oberyn Martell,Rhaegar Targaryen,2.0794415416798357,Undirected
Olly,Roose Bolton,0.0,Undirected
Olly,Tywin Lannister,0.0,Undirected
Brother Ray,Sansa Stark,0.6931471805599453,Undirected
Grey Worm,Hodor,0.0,Undirected
Hot Pie,Theon Greyjoy,0.0,Undirected
Euron Greyjoy,Robin Arryn,1.6094379124341003,Undirected
Jaime Lannister,Robin Arryn,1.6094379124341003,Undirected
Daenerys Targaryen,Tyene Sand,0.0,Undirected
Missandei,Tyene Sand,0.0,Undirected
Sansa Stark,Tyene Sand,0.0,Undirected
High Priestess of the Dosh Khaleen,Little Sam,0.6931471805599453,Undirected
High Priestess of the Dosh Khaleen,Walder Frey,0.0,Undirected
Missandei,Tormund Giantsbane,0.0,Undirected
Podrick Payne,Samwell Tarly,0.0,Undirected
Ramsay Bolton,Rhaegar Targaryen,0.0,Undirected
Daario Naharis,Grenn,0.0,Undirected
Daario Naharis,Viserys Targaryen,0.0,Undirected
Grenn,Tormund Giantsbane,0.0,Undirected
Grenn,Viserys Targaryen,0.0,Undirected
Tormund Giantsbane,Viserys Targaryen,0.0,Undirected
Alys Karstark,Brienne of Tarth,0.0,Undirected
Alys Karstark,Tormund Giantsbane,0.0,Undirected
Euron Greyjoy,High Priestess of the Dosh Khaleen,0.0,Undirected
Beric Dondarrion,Daenerys Targaryen,0.0,Undirected
Arya Stark,Myrcella Baratheon,0.0,Undirected
Arya Stark,Tommen Baratheon,0.0,Undirected
Bran Stark,Myrcella Baratheon,0.0,Undirected
Jaime Lannister,Myrcella Baratheon,0.0,Undirected
Jaime Lannister,Tommen Baratheon,0.0,Undirected
Jon Snow,Myrcella Baratheon,0.0,Undirected
Ellaria Sand,Tyrion Lannister,0.0,Undirected
Gendry,Missandei,0.0,Undirected
Jaqen H'ghar,Lyanna Stark,0.0,Undirected
Daenerys Targaryen,Robin Arryn,0.0,Undirected
Jon Snow,Robin Arryn,0.0,Undirected
Amory Lorch,Rhaegar Targaryen,0.0,Undirected
Benjen Stark,Lyanna Stark,0.6931471805599453,Undirected
Benjen Stark,Rhaegar Targaryen,0.6931471805599453,Undirected
Gendry,Meera Reed,0.6931471805599453,Undirected
Meera Reed,Robin Arryn,0.6931471805599453,Undirected
Little Sam,Ygritte,0.0,Undirected
Tormund Giantsbane,Varys,0.6931471805599453,Undirected
Bran Stark,Mirri Maz Duur,0.0,Undirected
Arya Stark,Ellaria Sand,0.0,Undirected
Ellaria Sand,Lyanna Stark,0.0,Undirected
Dickon Tarly,Rickon Stark,0.0,Undirected
Dickon Tarly,Samwell Tarly,0.0,Undirected
Rickon Stark,Samwell Tarly,0.0,Undirected
Locke,Theon Greyjoy,0.0,Undirected
Arya Stark,Stannis Baratheon,0.0,Undirected
Brienne of Tarth,Stannis Baratheon,0.0,Undirected
Balon Greyjoy,Robb Stark,0.0,Undirected
Balon Greyjoy,Theon Greyjoy,0.0,Undirected
Euron Greyjoy,Gilly,1.0986122886681098,Undirected
Gilly,Joffrey Baratheon,1.0986122886681098,Undirected
Lady Crane,Sandor Clegane,0.0,Undirected
Davos Seaworth,Gilly,0.0,Undirected
Davos Seaworth,Olenna Tyrell,0.0,Undirected
Gilly,Olenna Tyrell,0.0,Undirected
Gilly,Theon Greyjoy,0.0,Undirected
Olenna Tyrell,Theon Greyjoy,0.0,Undirected
Loras Tyrell,Sansa Stark,0.0,Undirected
Loras Tyrell,Tyrion Lannister,0.0,Undirected
Loras Tyrell,Tywin Lannister,0.0,Undirected
Catelyn Stark,Tormund Giantsbane,0.0,Undirected
Davos Seaworth,Grey Worm,0.0,Undirected
Gendry,Qyburn,0.0,Undirected
